-- Insert tech stack skills
INSERT INTO tech_stack_skills (name) VALUES
('React'), ('Angular'), ('Vue.js'), ('Node.js'), ('Python'), ('Java'),
('C#'), ('.NET'), ('TypeScript'), ('JavaScript'), ('PHP'), ('Ruby'),
('Go'), ('Rust'), ('Swift'), ('Kotlin'), ('Docker'), ('Kubernetes'),
('AWS'), ('Azure'), ('GCP'), ('MongoDB'), ('PostgreSQL'), ('MySQL'),
('Redis'), ('GraphQL'), ('REST API'), ('Microservices'), ('DevOps'),
('CI/CD'), ('Git'), ('Jenkins'), ('Terraform'), ('Ansible')
ON CONFLICT (name) DO NOTHING;

-- Insert file categories
INSERT INTO file_categories (id, name, description) VALUES
('550e8400-e29b-41d4-a716-446655440001', 'Vendor Documents', 'Documents related to vendors and contracts'),
('550e8400-e29b-41d4-a716-446655440002', 'Resource Resumes', 'Resumes and CVs of resources'),
('550e8400-e29b-41d4-a716-446655440003', 'Job Requirements', 'Job descriptions and requirements'),
('550e8400-e29b-41d4-a716-446655440004', 'Contracts', 'Legal contracts and agreements'),
('550e8400-e29b-41d4-a716-446655440005', 'Miscellaneous', 'Other documents and files');

-- Insert vendors
INSERT INTO vendors (id, name, company, email, phone, website, address, status, category, notes) VALUES
('550e8400-e29b-41d4-a716-446655440010', 'TechCorp Solutions', 'TechCorp Inc.', 'contact@techcorp.com', '+1-555-0101', 'https://techcorp.example.com', '123 Tech Street, San Francisco, CA 94105', 'active', 'Technology', 'Premium vendor with excellent track record'),
('550e8400-e29b-41d4-a716-446655440011', 'InnovateSoft', 'InnovateSoft LLC', 'hello@innovatesoft.com', '+1-555-0102', 'https://innovatesoft.example.com', '456 Innovation Ave, Austin, TX 78701', 'active', 'Software Development', 'Specializes in web and mobile development'),
('550e8400-e29b-41d4-a716-446655440012', 'DataDriven Analytics', 'DataDriven Corp', 'info@datadriven.com', '+1-555-0103', 'https://datadriven.example.com', '789 Data Lane, Seattle, WA 98101', 'active', 'Data Science', 'Expert in AI and machine learning solutions'),
('550e8400-e29b-41d4-a716-446655440013', 'CloudFirst Technologies', 'CloudFirst Inc.', 'contact@cloudfirst.com', '+1-555-0104', 'https://cloudfirst.example.com', '321 Cloud Street, Denver, CO 80202', 'active', 'Cloud Services', 'AWS and Azure certified partner'),
('550e8400-e29b-41d4-a716-446655440014', 'SecureNet Systems', 'SecureNet LLC', 'security@securenet.com', '+1-555-0105', 'https://securenet.example.com', '654 Security Blvd, Boston, MA 02101', 'inactive', 'Cybersecurity', 'Cybersecurity and compliance specialists');

-- Insert vendor contacts
INSERT INTO vendor_contacts (id, vendor_id, name, email, phone, designation, department, is_main_contact, last_contacted_date) VALUES
('550e8400-e29b-41d4-a716-446655440020', '550e8400-e29b-41d4-a716-446655440010', 'John Smith', 'john@techcorp.com', '+1-555-0102', 'HR Manager', 'Human Resources', true, '2024-01-15 10:30:00'),
('550e8400-e29b-41d4-a716-446655440021', '550e8400-e29b-41d4-a716-446655440010', 'Sarah Johnson', 'sarah@techcorp.com', '+1-555-0103', 'Technical Lead', 'Engineering', false, '2024-01-10 14:20:00'),
('550e8400-e29b-41d4-a716-446655440022', '550e8400-e29b-41d4-a716-446655440011', 'Mike Wilson', 'mike@innovatesoft.com', '+1-555-0106', 'Project Manager', 'Operations', true, '2024-01-12 09:15:00'),
('550e8400-e29b-41d4-a716-446655440023', '550e8400-e29b-41d4-a716-446655440012', 'Emily Davis', 'emily@datadriven.com', '+1-555-0107', 'Data Science Lead', 'Analytics', true, '2024-01-08 16:45:00'),
('550e8400-e29b-41d4-a716-446655440024', '550e8400-e29b-41d4-a716-446655440013', 'Robert Chen', 'robert@cloudfirst.com', '+1-555-0108', 'Cloud Architect', 'Engineering', true, '2024-01-14 11:30:00');

-- Insert resources
INSERT INTO resources (id, name, email, phone, tech_stack, experience, type, status, hourly_rate, location, remote_availability, start_date, skills, certifications) VALUES
('550e8400-e29b-41d4-a716-446655440030', 'Alice Cooper', 'alice@company.com', '+1-555-0201', ARRAY['React', 'Node.js', 'TypeScript'], 5, 'InHouse', 'available', 75.00, 'New York, NY', true, '2023-06-15', '[{"name": "React", "level": "expert"}, {"name": "Node.js", "level": "intermediate"}, {"name": "TypeScript", "level": "expert"}]', ARRAY['AWS Certified Developer', 'MongoDB Certified Developer']),
('550e8400-e29b-41d4-a716-446655440031', 'Bob Martinez', 'bob@company.com', '+1-555-0202', ARRAY['Python', 'Django', 'PostgreSQL'], 7, 'InHouse', 'busy', 85.00, 'San Francisco, CA', true, '2022-03-10', '[{"name": "Python", "level": "expert"}, {"name": "Django", "level": "expert"}, {"name": "PostgreSQL", "level": "intermediate"}]', ARRAY['Python Institute Certified', 'AWS Solutions Architect']),
('550e8400-e29b-41d4-a716-446655440032', 'Carol White', 'carol@freelancer.com', '+1-555-0203', ARRAY['Angular', 'Java', 'Spring Boot'], 4, 'External-LinkedIn', 'available', 70.00, 'Austin, TX', false, '2023-09-01', '[{"name": "Angular", "level": "expert"}, {"name": "Java", "level": "intermediate"}, {"name": "Spring Boot", "level": "intermediate"}]', ARRAY['Oracle Java Certified', 'Angular Certified Developer']),
('550e8400-e29b-41d4-a716-446655440033', 'David Kim', 'david@contractor.com', '+1-555-0204', ARRAY['Vue.js', 'PHP', 'MySQL'], 3, 'External-Email', 'available', 60.00, 'Seattle, WA', true, '2024-01-05', '[{"name": "Vue.js", "level": "intermediate"}, {"name": "PHP", "level": "expert"}, {"name": "MySQL", "level": "intermediate"}]', ARRAY['Vue.js Certified', 'MySQL Database Administrator']),
('550e8400-e29b-41d4-a716-446655440034', 'Emma Thompson', 'emma@friend.com', '+1-555-0205', ARRAY['React', 'GraphQL', 'MongoDB'], 6, 'InHouse-Friends', 'inactive', 80.00, 'Boston, MA', true, '2022-11-20', '[{"name": "React", "level": "expert"}, {"name": "GraphQL", "level": "expert"}, {"name": "MongoDB", "level": "intermediate"}]', ARRAY['GraphQL Certified', 'MongoDB Professional']);

-- Insert job requirements
INSERT INTO job_requirements (id, title, vendor_id, contact_id, tech_stack, experience, description, status, priority, job_type, remote_option, location, salary_min, salary_max, salary_currency, start_date, end_date, assigned_resources, client_name, contact_person, contact_email, contact_phone, requirements, benefits) VALUES
('550e8400-e29b-41d4-a716-446655440040', 'Senior React Developer', '550e8400-e29b-41d4-a716-446655440010', '550e8400-e29b-41d4-a716-446655440020', ARRAY['React', 'TypeScript', 'Node.js'], '5+ years', 'Looking for a senior React developer with strong TypeScript skills and experience in building scalable web applications.', 'active', 'high', 'contract', true, 'San Francisco, CA (Remote)', 120000, 150000, 'USD', '2024-02-15', '2024-08-15', ARRAY['550e8400-e29b-41d4-a716-446655440030'], 'TechCorp Solutions', 'John Smith', 'john@techcorp.com', '+1-555-0102', ARRAY['5+ years React experience', 'TypeScript proficiency', 'Node.js backend knowledge', 'Agile methodology experience'], ARRAY['Health insurance', 'Flexible hours', 'Remote work', 'Professional development budget']),
('550e8400-e29b-41d4-a716-446655440041', 'Python Data Engineer', '550e8400-e29b-41d4-a716-446655440012', '550e8400-e29b-41d4-a716-446655440023', ARRAY['Python', 'Django', 'PostgreSQL', 'AWS'], '4+ years', 'Data engineer position for building ETL pipelines and data processing systems using Python and cloud technologies.', 'active', 'medium', 'full-time', true, 'Seattle, WA', 100000, 130000, 'USD', '2024-03-01', NULL, ARRAY['550e8400-e29b-41d4-a716-446655440031'], 'DataDriven Analytics', 'Emily Davis', 'emily@datadriven.com', '+1-555-0107', ARRAY['Python expertise', 'ETL pipeline experience', 'Cloud platform knowledge', 'SQL proficiency'], ARRAY['Competitive salary', 'Stock options', 'Health benefits', 'Learning stipend']),
('550e8400-e29b-41d4-a716-446655440042', 'Full Stack Angular Developer', '550e8400-e29b-41d4-a716-446655440011', '550e8400-e29b-41d4-a716-446655440022', ARRAY['Angular', 'Java', 'Spring Boot', 'MySQL'], '3+ years', 'Full stack developer role focusing on Angular frontend and Java Spring Boot backend development.', 'active', 'medium', 'contract', false, 'Austin, TX', 80000, 100000, 'USD', '2024-02-20', '2024-12-20', ARRAY['550e8400-e29b-41d4-a716-446655440032'], 'InnovateSoft', 'Mike Wilson', 'mike@innovatesoft.com', '+1-555-0106', ARRAY['Angular framework expertise', 'Java Spring Boot experience', 'RESTful API development', 'Database design skills'], ARRAY['Competitive hourly rate', 'Flexible schedule', 'Team collaboration', 'Skill development opportunities']),
('550e8400-e29b-41d4-a716-446655440043', 'Cloud Solutions Architect', '550e8400-e29b-41d4-a716-446655440013', '550e8400-e29b-41d4-a716-446655440024', ARRAY['AWS', 'Kubernetes', 'Docker', 'Terraform'], '7+ years', 'Senior cloud architect position for designing and implementing scalable cloud infrastructure solutions.', 'active', 'urgent', 'full-time', true, 'Denver, CO (Remote)', 140000, 180000, 'USD', '2024-02-01', NULL, ARRAY[], 'CloudFirst Technologies', 'Robert Chen', 'robert@cloudfirst.com', '+1-555-0108', ARRAY['AWS certification required', 'Kubernetes expertise', 'Infrastructure as Code experience', 'DevOps methodology knowledge'], ARRAY['Excellent salary', 'Comprehensive benefits', 'Remote work flexibility', 'Professional certifications paid']),
('550e8400-e29b-41d4-a716-446655440044', 'Vue.js Frontend Developer', '550e8400-e29b-41d4-a716-446655440011', '550e8400-e29b-41d4-a716-446655440022', ARRAY['Vue.js', 'JavaScript', 'CSS3', 'HTML5'], '2+ years', 'Frontend developer position specializing in Vue.js for building modern, responsive web applications.', 'inactive', 'low', 'part-time', true, 'Remote', 50000, 70000, 'USD', '2024-04-01', '2024-10-01', ARRAY['550e8400-e29b-41d4-a716-446655440033'], 'InnovateSoft', 'Mike Wilson', 'mike@innovatesoft.com', '+1-555-0106', ARRAY['Vue.js proficiency', 'Modern CSS knowledge', 'Responsive design skills', 'Version control with Git'], ARRAY['Part-time flexibility', 'Remote work', 'Learning opportunities', 'Collaborative environment']);

-- Insert process flows
INSERT INTO process_flows (id, job_id, resource_id, status, scheduled_date, completed_date, interviewers, feedback_score, feedback_notes, next_steps, notes, updated_by) VALUES
('550e8400-e29b-41d4-a716-446655440050', '550e8400-e29b-41d4-a716-446655440040', '550e8400-e29b-41d4-a716-446655440030', 'screening-cleared', '2024-01-25 10:00:00', '2024-01-25 11:00:00', ARRAY['John Smith', 'Sarah Johnson'], 4, 'Strong technical skills, good communication. Demonstrated excellent React knowledge and TypeScript proficiency.', 'Schedule client screening with technical team', 'Resume submitted and initial screening completed successfully. Candidate shows great potential.', 'admin'),
('550e8400-e29b-41d4-a716-446655440051', '550e8400-e29b-41d4-a716-446655440041', '550e8400-e29b-41d4-a716-446655440031', 'client-screening-scheduled', '2024-02-01 14:00:00', NULL, ARRAY['Emily Davis'], NULL, NULL, 'Prepare technical assessment for data engineering skills', 'Python expertise confirmed, proceeding to client interview', 'admin'),
('550e8400-e29b-41d4-a716-446655440052', '550e8400-e29b-41d4-a716-446655440042', '550e8400-e29b-41d4-a716-446655440032', 'resume-submitted', '2024-01-30 09:00:00', NULL, ARRAY[], NULL, NULL, 'Schedule initial screening call', 'Resume received and under review. Angular and Java skills look promising.', 'admin'),
('550e8400-e29b-41d4-a716-446655440053', '550e8400-e29b-41d4-a716-446655440044', '550e8400-e29b-41d4-a716-446655440033', 'final-interview-scheduled', '2024-02-05 15:30:00', NULL, ARRAY['Mike Wilson', 'Tech Lead'], NULL, NULL, 'Final decision after technical interview', 'Candidate passed all previous rounds, final interview with decision makers', 'admin');

-- Note: Files will be inserted after actual file uploads to Blob storage
-- This is a placeholder for the files table structure
INSERT INTO files (id, name, original_filename, description, category_id, size, content_type, pathname, url, entity_type, entity_id, tags, uploaded_by) VALUES
('550e8400-e29b-41d4-a716-446655440060', 'TechCorp Service Agreement 2024', 'techcorp_service_agreement_2024.pdf', 'Annual service agreement with TechCorp Solutions', '550e8400-e29b-41d4-a716-446655440001', 2500000, 'application/pdf', 'contracts/techcorp_service_agreement_2024.pdf', 'https://placeholder-blob-url.com/techcorp_agreement.pdf', 'vendor', '550e8400-e29b-41d4-a716-446655440010', ARRAY['contract', 'agreement', '2024', 'legal'], 'admin'),
('550e8400-e29b-41d4-a716-446655440061', 'Alice Cooper Resume', 'alice_cooper_resume_2024.pdf', 'Updated resume for Alice Cooper - React Developer', '550e8400-e29b-41d4-a716-446655440002', 1500000, 'application/pdf', 'resumes/alice_cooper_resume_2024.pdf', 'https://placeholder-blob-url.com/alice_resume.pdf', 'resource', '550e8400-e29b-41d4-a716-446655440030', ARRAY['resume', 'react', 'developer', 'typescript'], 'admin'),
('550e8400-e29b-41d4-a716-446655440062', 'Senior React Developer Job Description', 'senior_react_developer_jd.docx', 'Detailed job description for Senior React Developer position', '550e8400-e29b-41d4-a716-446655440003', 500000, 'application/vnd.openxmlformats-officedocument.wordprocessingml.document', 'jobs/senior_react_developer_jd.docx', 'https://placeholder-blob-url.com/react_jd.docx', 'job', '550e8400-e29b-41d4-a716-446655440040', ARRAY['job description', 'react', 'senior', 'requirements'], 'admin'),
('550e8400-e29b-41d4-a716-446655440063', 'Bob Martinez Portfolio', 'bob_martinez_portfolio.pdf', 'Python developer portfolio showcasing recent projects', '550e8400-e29b-41d4-a716-446655440002', 3200000, 'application/pdf', 'resumes/bob_martinez_portfolio.pdf', 'https://placeholder-blob-url.com/bob_portfolio.pdf', 'resource', '550e8400-e29b-41d4-a716-446655440031', ARRAY['portfolio', 'python', 'projects', 'django'], 'admin'),
('550e8400-e29b-41d4-a716-446655440064', 'DataDriven NDA Template', 'datadriven_nda_template.pdf', 'Non-disclosure agreement template for DataDriven Analytics', '550e8400-e29b-41d4-a716-446655440004', 800000, 'application/pdf', 'contracts/datadriven_nda_template.pdf', 'https://placeholder-blob-url.com/datadriven_nda.pdf', 'vendor', '550e8400-e29b-41d4-a716-446655440012', ARRAY['nda', 'legal', 'template', 'confidentiality'], 'admin');
